{
  "description": "x8D tensor mapping for 8-bit to 8-bit compression with custom tensor math",
  "version": "1.0",
  "mapping_method": "8x8x8x8x16 matrix float with 8-bit base Q8_0",
  "formula": "b = (b x 8 x 8 x 8 x 0.00000001) / 64",
  "categories": {
    "control_chars": {
      "0": {
        "ord": 0,
        "val": 0.000000000
      },
      "1": {
        "ord": 1,
        "val": 0.000000008
      },
      "2": {
        "ord": 2,
        "val": 0.000000016
      },
      "3": {
        "ord": 3,
        "val": 0.000000024
      },
      "4": {
        "ord": 4,
        "val": 0.000000032
      },
      "5": {
        "ord": 5,
        "val": 0.000000040
      },
      "6": {
        "ord": 6,
        "val": 0.000000048
      },
      "7": {
        "ord": 7,
        "val": 0.000000056
      },
      "8": {
        "ord": 8,
        "val": 0.000000064
      },
      "9": {
        "ord": 9,
        "val": 0.000000072
      },
      "10": {
        "ord": 10,
        "val": 0.000000080
      },
      "11": {
        "ord": 11,
        "val": 0.000000088
      },
      "12": {
        "ord": 12,
        "val": 0.000000096
      },
      "13": {
        "ord": 13,
        "val": 0.000000104
      },
      "14": {
        "ord": 14,
        "val": 0.000000112
      },
      "15": {
        "ord": 15,
        "val": 0.000000120
      },
      "16": {
        "ord": 16,
        "val": 0.000000128
      },
      "17": {
        "ord": 17,
        "val": 0.000000136
      },
      "18": {
        "ord": 18,
        "val": 0.000000144
      },
      "19": {
        "ord": 19,
        "val": 0.000000152
      },
      "20": {
        "ord": 20,
        "val": 0.000000160
      },
      "21": {
        "ord": 21,
        "val": 0.000000168
      },
      "22": {
        "ord": 22,
        "val": 0.000000176
      },
      "23": {
        "ord": 23,
        "val": 0.000000184
      },
      "24": {
        "ord": 24,
        "val": 0.000000192
      },
      "25": {
        "ord": 25,
        "val": 0.000000200
      },
      "26": {
        "ord": 26,
        "val": 0.000000208
      },
      "27": {
        "ord": 27,
        "val": 0.000000216
      },
      "28": {
        "ord": 28,
        "val": 0.000000224
      },
      "29": {
        "ord": 29,
        "val": 0.000000232
      },
      "30": {
        "ord": 30,
        "val": 0.000000240
      },
      "31": {
        "ord": 31,
        "val": 0.000000248
      }
    },
    "printable_ascii": {
      "32": {
        "ord": 32,
        "val": 0.000000256
      },
      "33": {
        "ord": 33,
        "val": 0.000000264
      },
      "34": {
        "ord": 34,
        "val": 0.000000272
      },
      "35": {
        "ord": 35,
        "val": 0.000000280
      },
      "36": {
        "ord": 36,
        "val": 0.000000288
      },
      "37": {
        "ord": 37,
        "val": 0.000000296
      },
      "38": {
        "ord": 38,
        "val": 0.000000304
      },
      "39": {
        "ord": 39,
        "val": 0.000000312
      },
      "40": {
        "ord": 40,
        "val": 0.000000320
      },
      "41": {
        "ord": 41,
        "val": 0.000000328
      },
      "42": {
        "ord": 42,
        "val": 0.000000336
      },
      "43": {
        "ord": 43,
        "val": 0.000000344
      },
      "44": {
        "ord": 44,
        "val": 0.000000352
      },
      "45": {
        "ord": 45,
        "val": 0.000000360
      },
      "46": {
        "ord": 46,
        "val": 0.000000368
      },
      "47": {
        "ord": 47,
        "val": 0.000000376
      },
      "48": {
        "ord": 48,
        "val": 0.000000384
      },
      "49": {
        "ord": 49,
        "val": 0.000000392
      },
      "50": {
        "ord": 50,
        "val": 0.000000400
      },
      "51": {
        "ord": 51,
        "val": 0.000000408
      },
      "52": {
        "ord": 52,
        "val": 0.000000416
      },
      "53": {
        "ord": 53,
        "val": 0.000000424
      },
      "54": {
        "ord": 54,
        "val": 0.000000432
      },
      "55": {
        "ord": 55,
        "val": 0.000000440
      },
      "56": {
        "ord": 56,
        "val": 0.000000448
      },
      "57": {
        "ord": 57,
        "val": 0.000000456
      },
      "58": {
        "ord": 58,
        "val": 0.000000464
      },
      "59": {
        "ord": 59,
        "val": 0.000000472
      },
      "60": {
        "ord": 60,
        "val": 0.000000480
      },
      "61": {
        "ord": 61,
        "val": 0.000000488
      },
      "62": {
        "ord": 62,
        "val": 0.000000496
      },
      "63": {
        "ord": 63,
        "val": 0.000000504
      },
      "64": {
        "ord": 64,
        "val": 0.000000512
      },
      "65": {
        "ord": 65,
        "val": 0.000000520
      },
      "66": {
        "ord": 66,
        "val": 0.000000528
      },
      "67": {
        "ord": 67,
        "val": 0.000000536
      },
      "68": {
        "ord": 68,
        "val": 0.000000544
      },
      "69": {
        "ord": 69,
        "val": 0.000000552
      },
      "70": {
        "ord": 70,
        "val": 0.000000560
      },
      "71": {
        "ord": 71,
        "val": 0.000000568
      },
      "72": {
        "ord": 72,
        "val": 0.000000576
      },
      "73": {
        "ord": 73,
        "val": 0.000000584
      },
      "74": {
        "ord": 74,
        "val": 0.000000592
      },
      "75": {
        "ord": 75,
        "val": 0.000000600
      },
      "76": {
        "ord": 76,
        "val": 0.000000608
      },
      "77": {
        "ord": 77,
        "val": 0.000000616
      },
      "78": {
        "ord": 78,
        "val": 0.000000624
      },
      "79": {
        "ord": 79,
        "val": 0.000000632
      },
      "80": {
        "ord": 80,
        "val": 0.000000640
      },
      "81": {
        "ord": 81,
        "val": 0.000000648
      },
      "82": {
        "ord": 82,
        "val": 0.000000656
      },
      "83": {
        "ord": 83,
        "val": 0.000000664
      },
      "84": {
        "ord": 84,
        "val": 0.000000672
      },
      "85": {
        "ord": 85,
        "val": 0.000000680
      },
      "86": {
        "ord": 86,
        "val": 0.000000688
      },
      "87": {
        "ord": 87,
        "val": 0.000000696
      },
      "88": {
        "ord": 88,
        "val": 0.000000704
      },
      "89": {
        "ord": 89,
        "val": 0.000000712
      },
      "90": {
        "ord": 90,
        "val": 0.000000720
      },
      "91": {
        "ord": 91,
        "val": 0.000000728
      },
      "92": {
        "ord": 92,
        "val": 0.000000736
      },
      "93": {
        "ord": 93,
        "val": 0.000000744
      },
      "94": {
        "ord": 94,
        "val": 0.000000752
      },
      "95": {
        "ord": 95,
        "val": 0.000000760
      },
      "96": {
        "ord": 96,
        "val": 0.000000768
      },
      "97": {
        "ord": 97,
        "val": 0.000000776
      },
      "98": {
        "ord": 98,
        "val": 0.000000784
      },
      "99": {
        "ord": 99,
        "val": 0.000000792
      },
      "100": {
        "ord": 100,
        "val": 0.000000800
      },
      "101": {
        "ord": 101,
        "val": 0.000000808
      },
      "102": {
        "ord": 102,
        "val": 0.000000816
      },
      "103": {
        "ord": 103,
        "val": 0.000000824
      },
      "104": {
        "ord": 104,
        "val": 0.000000832
      },
      "105": {
        "ord": 105,
        "val": 0.000000840
      },
      "106": {
        "ord": 106,
        "val": 0.000000848
      },
      "107": {
        "ord": 107,
        "val": 0.000000856
      },
      "108": {
        "ord": 108,
        "val": 0.000000864
      },
      "109": {
        "ord": 109,
        "val": 0.000000872
      },
      "110": {
        "ord": 110,
        "val": 0.000000880
      },